﻿{"cameraMode":{"drawMode":0,"name":"Shaded","section":"Shading Mode"},"sceneLighting":true,"audioPlay":false,"sceneViewState":{"showFog":true,"showMaterialUpdate":false,"showSkybox":true,"showFlares":true,"showImageEffects":true,"showParticleSystems":true},"in2DMode":false,"pivot":{"x":-0.11452090740203858,"y":-11.773208618164063,"z":12.3704195022583},"rotation":{"x":0.3818613290786743,"y":0.002767308382317424,"z":-0.001143096131272614,"w":0.9242148399353027},"size":30.52610206604004,"orthographic":false}